id;service_code;organization_name;service_short_name;service_name;service_desc;parent_service_code;service_period_start_date;service_period_end_date;service_category;service_link;service_class;service_integration_type;service_type;lookup_role_id;lookup_role;lookup_sector_id;lookup_sector;lookup_lifeevent_id;lookup_lifeevent;sla_goal;service_active_flag;created_by;updated_by;record_insert_time;create_time;update_time;section_display_name;section_display_icon;ruleset_name;service_priority;service_channel_access;service_access;assistedmodeekyc_req;assisted_oth_adr_req;sla_deadline;payment_channel_id;payment_return_class;payment_return_ruleset;payment_returnurl;help_link;intermediate_screen;aadhaar_required;meeseva_service_name;pmt_fee_amt_total;pmt_fee_amt_others_1;pmt_fee_amt_others_1_desc;pmt_fee_amt_others_2;pmt_fee_amt_others_2_desc;pmt_fee_amt_others_3;pmt_fee_amt_others_3_desc;pmt_fee_amt_others_4;pmt_fee_amt_others_4_desc;pmt_fee_amt_others_5;pmt_fee_amt_others_5_desc
1;alliance;Accounts Buckinghamshire policy;gold;RSS invoice redundant;override Granite;Money Market Account;2020-02-26T20:38:36;2020-02-26T17:35:40;tan e-business;Solutions;Sleek Well Manager;open-source support Washington;Valleys Mexican Peso Mexican Unidad de Inversion (UDI) South Georgia and the South Sandwich Islands;8301;compressing;36364;pink overriding;77570;toolset;66900;43600;Metal Orchestrator Customer;optimize lime;2020-02-26T16:37:10;2020-02-26T21:15:08;2020-02-27T03:48:37;Swedish Krona Concrete;connecting payment;niches protocol Bypass;75643;Credit Card Account Investment Account;Internal Generic Steel Gloves Strategist;Awesome Pants monetize;Avon parsing;12269;85708;Fantastic 1080p;Assimilated;hack;Borders orchestration heuristic;withdrawal Ford withdrawal;Credit Card Account Specialist Lakes;Chair;90410;68714;Borders online;90626;Radial exploit;68404;internet solution cyan mission-critical;41213;Unbranded visualize;57941;Greens
2;Senior Shoes Home Loan Account;impactful hack;Producer deposit;Small;Music Mexican Peso Mexican Unidad de Inversion (UDI) Granite;Small Wooden Chicken Credit Card Account generating;2020-02-26T21:24:15;2020-02-27T01:06:38;withdrawal Tactics;Bermudian Dollar (customarily known as Bermuda Dollar) Streets;Savings Account;violet GB transform;backing up tangible Villages;87932;Cove Practical;52402;methodologies;57687;Synchronised;69289;86901;EXE;paradigm Auto Loan Account Saint Kitts and Nevis;2020-02-27T00:12:14;2020-02-26T23:58:17;2020-02-27T02:44:39;Credit Card Account TCP;Aruban Guilder;B2C;96098;withdrawal Directives;Avon Kansas;Steel withdrawal;Moldovan Leu Industrial;55561;79398;Antarctica (the territory South of 60 deg S) wireless;matrix solutions Direct;deposit Tasty Wooden Pizza;ADP incremental;Refined Wooden Table Fantastic Granite Chips;e-services back up;database hacking;55347;35324;Holy See (Vatican City State) Savings Account Communications;86780;COM;20890;SDD Awesome Concrete Towels;20388;circuit;5749;e-commerce
3;Graphic Interface;Benin;Home Loan Account Coordinator Michigan;Shirt overriding;Qatar Consultant Accountability;Games open-source;2020-02-27T00:58:52;2020-02-26T20:24:19;American Samoa e-commerce;Handmade Total;markets Cross-group red;Auto Loan Account Handcrafted Wooden Shoes;Money Market Account;66002;Designer;34888;capacitor cross-platform;91098;Health Industrial;83252;78124;Awesome;Massachusetts vertical enable;2020-02-26T14:38:06;2020-02-27T07:54:00;2020-02-26T17:30:07;throughput Auto Loan Account Portugal;invoice;firewall Customer Borders;95023;Plastic Personal Loan Account;vertical Montana;program vortals;transmit Auto Loan Account Operative;62786;30079;Awesome;Diverse backing up;Buckinghamshire;facilitate;Officer;motivating;bypassing;68791;1224;end-to-end Garden Soap;80;zero administration synthesize;80925;port mint green wireless;31663;Manager;52599;Turkish Lira PNG
4;info-mediaries Corporate Decentralized;Corporate;bus Dynamic;Bedfordshire Gloves;Nebraska;transmit;2020-02-26T12:50:27;2020-02-26T13:37:22;benchmark Liaison;Synergistic Program;Kenya sensor Secured;Granite;Chair;80965;action-items Technician integrated;57268;Generic;36301;Skyway Soap;53223;65117;payment;clear-thinking Neck collaboration;2020-02-26T19:41:32;2020-02-26T20:53:18;2020-02-27T05:46:58;Germany connecting;XSS Nevada;Investment Account;65869;Steel Lithuania XSS;Wyoming Dominica;Sleek Fresh Cheese;disintermediate European Unit of Account 17(E.U.A.-17);590;95391;District Tools;monitor payment Shoes;copying Pataca;Refined backing up;robust Jewelery Street;Rubber;Fresh firewall;55796;99838;Jewelery architectures;95839;Fresh;21268;South Carolina Roads;5335;Cambridgeshire;49268;solid state Ridge Bike
5;Berkshire Mandatory;Virgin Islands, U.S.;iterate FTP Cheese;Communications Road;Extensions invoice;orchid e-tailers;2020-02-26T11:16:01;2020-02-26T15:41:30;analyzer Balanced Web;Ports solid state;tertiary;Wooden neural Architect;product Industrial;47409;Shirt Bedfordshire Integration;84950;architectures Armenian Dram pixel;9017;Iowa;25659;4503;budgetary management Buckinghamshire generating;Tasty Granite Sausages Delaware optical;2020-02-26T23:57:14;2020-02-26T15:49:04;2020-02-26T17:30:48;Universal Polarised;Web 4th generation;Toys Saint Martin Small Steel Cheese;648;invoice;monitor Plastic;AGP system-worthy;application Product Creative;93295;65052;Place circuit;Tasty Pass;invoice;Stand-alone Quality-focused;New York embrace;Dominican Peso;enhance ivory;46455;19955;JSON azure;57106;payment Associate;50781;Cambridgeshire;96157;Cambridgeshire;5;Bahamas visualize multi-state
6;Buckinghamshire;Games;Associate National Louisiana;monitor input encryption;Interactions;system-worthy;2020-02-26T23:09:44;2020-02-26T12:08:36;TCP Incredible Rubber Car;primary rich deposit;Home;Savings Account;Creek Incredible directional;75023;contextually-based payment;82550;Intuitive;60460;demand-driven Unbranded;80962;88809;envisioneer Quality salmon;Cliff purple SMTP;2020-02-26T22:34:50;2020-02-26T21:24:27;2020-02-27T04:16:52;Frozen TCP Granite;Wooden;back up digital Fort;4753;frictionless Handmade Plastic Chair;recontextualize;Incredible Soft Towels Denar seize;Tools;56057;76528;Somali Shilling Directives;technologies Shoes;Glen HTTP clicks-and-mortar;solution;Indian Rupee Ngultrum internet solution;CFP Franc;Awesome convergence Granite;91410;35583;Wooden Executive Maine;57397;indigo;12800;bandwidth Refined Rubber Car Borders;56309;haptic Industrial;17336;software B2B
7;payment Fish pixel;parse;Branding Investment Account Dynamic;withdrawal internet solution;deposit;South Carolina platforms Incredible;2020-02-26T18:38:00;2020-02-27T03:07:44;North Korean Won violet;invoice;Creative Germany encompassing;Computer Future strategic;Saudi Arabia back up;33556;Rubber;10591;deliverables Virginia Berkshire;32621;white;73874;85733;wireless policy out-of-the-box;user-centric Borders;2020-02-26T11:07:43;2020-02-26T17:12:55;2020-02-26T12:22:42;Ergonomic;Engineer;Garden Persistent Personal Loan Account;2288;strategic;Michigan;Internal Health;Steel Heard Island and McDonald Islands;66059;2467;Rustic Bacon tertiary;olive Baby;cross-platform Liaison Function-based;middleware;Direct grow;synthesize Walk;Cotton Face to face;41455;28496;reinvent Distributed Borders;74651;Fresh;89614;mobile withdrawal;70617;transmitting;85451;Chair back up
8;Handmade Concrete Car;connecting North Carolina;Hat foreground;parse 24/7;Grocery Small Plastic Keyboard;Reactive;2020-02-27T03:00:00;2020-02-26T20:25:56;Creative;3rd generation;Buckinghamshire;transmitting Re-engineered;redefine reinvent;37998;white;79330;reboot reintermediate;3757;Kids synergy e-business;57521;34570;Director;Awesome Metal Gloves bricks-and-clicks;2020-02-27T07:17:43;2020-02-26T23:20:00;2020-02-27T07:39:32;Integration circuit;withdrawal hack bandwidth;Buckinghamshire;46161;multi-byte;Borders Montenegro;matrix 4th generation cohesive;hacking Regional Kuwaiti Dinar;43699;77349;Wooden;backing up embrace;Soft mobile;Music open-source;De-engineered Cuba;invoice;Salad;46448;38745;time-frame;36317;bandwidth Shoes Louisiana;54883;Road SMS;11016;Jewelery Dynamic aggregate;61226;Division Center Baby
9;Ireland Garden parsing;Human;Netherlands Antillian Guilder;azure;vertical black;West Virginia;2020-02-27T07:36:54;2020-02-26T12:09:40;Digitized Legacy;firewall metrics;Ergonomic Steel Sausages systems;complexity;Avon Administrator Berkshire;87922;Berkshire Steel;7331;open-source pink generating;28155;mission-critical Incredible Metal Sausages Unbranded Soft Bacon;92451;16148;moderator attitude-oriented;Open-architected Mission;2020-02-26T19:30:21;2020-02-26T16:37:50;2020-02-26T23:36:02;Tasty SQL Enterprise-wide;Specialist Intelligent;cross-platform Connecticut;36800;Gorgeous Cotton Bacon National RAM;Managed Wooden Wooden;content-based Mouse Pants;productize Licensed;95628;39506;Home Turkmenistan;Orchestrator Squares microchip;Libyan Dinar payment;purple cyan matrix;Coordinator software Human;Checking Account;Jewelery;59154;93406;Integrated multi-byte Integration;60818;matrix Groves quantifying;80049;payment wireless;98616;Keyboard PNG;27395;Jewelery New Jersey
10;Ports Dominican Republic Refined Steel Shirt;salmon web-readiness online;firewall;UIC-Franc;Accounts;Ergonomic;2020-02-26T16:03:48;2020-02-27T02:49:15;Slovakia (Slovak Republic) infrastructures;teal HTTP;Home Loan Account;Toys;bypassing;66362;PNG metrics;81165;transmit;4065;PCI interface quantify;26963;39626;Reverse-engineered;cyan flexibility;2020-02-26T12:17:52;2020-02-27T00:56:43;2020-02-26T18:02:25;Architect;port;SMTP multi-tasking;41103;Handmade Plastic Bacon Lake syndicate;paradigms;Chief online fuchsia;Coordinator;55961;2097;Agent;virtual;Factors programming Lakes;Health;Kansas Cambridgeshire transmit;secondary;tan;81912;80523;Refined Granite Chips technologies;98537;Rustic;15057;Metal Palladium productivity;38525;Direct Swiss Franc Money Market Account;53540;Digitized Home Loan Account solutions
