id;employee_code;temp_ref_id;person_id;employee_id;employee_name;entity_name;organization_code;organization_name;designation_id;designation_name;post_name;organization_unit_name;parent_organization_unit;mobile_number;email_id;address_type;address_1;address_2;city_name;post_office;is_primary;is_ou_head;district_code;district_name;mandal_code;mandal_name;village_code;village_name;panchayat_code;panchayat_name;constituency_code;constituency_name;created_by;updated_by;record_insert_time;create_time;update_time;employee_type;manager_employee_code;employee_active_status;person_id_1;aadhaar_ref_id;volunteer_secretariat_id;volunteer_secretariat_flag;aadhaar_number
1;white New Jersey;21254;Hryvnia;54886;compressing;Innovative;bus;Swiss Franc Granite;mesh;Director Metal transitional;Assistant Cayman Islands Dollar;Morocco;Operative paradigm;6469;Principal Berkshire Personal Loan Account;haptic;compress;Monaco Unbranded West Virginia;Focused;synergize neural;Directives optical;Idaho Cheese Incredible Metal Bacon;Rubber;HDD lime;Florida;Rand Loti systems;Soap Electronics;user-facing black;cross-media Fish;Rubber Idaho;74826;Vanuatu;Money Market Account Union Intelligent;Industrial Utah;2020-02-27T03:56:31;2020-02-27T05:05:19;2020-02-27T07:03:40;Music Facilitator synthesize;reboot;Brazilian Real;Dynamic;75558;capacitor Response service-desk;Gorgeous Plastic Gloves value-added;14026
2;artificial intelligence;82427;Square;94141;engage Towels Checking Account;Buckinghamshire;Lane;Toys Grocery;Function-based;Central;Concrete;solution-oriented Awesome Metal Chips;bandwidth;23640;Savings Account;innovate;navigating;programming Rustic Frozen Bacon;Marketing;navigate revolutionary;Salad Serbia;interfaces 1080p;Borders invoice;Table Pants Sudanese Pound;evolve invoice;innovative Lakes Berkshire;incentivize Washington deliver;Burundi Franc Bedfordshire;TCP;partnerships calculating;72041;Sports Frozen firewall;Fresh deposit;Botswana ability;2020-02-27T05:30:25;2020-02-27T07:16:32;2020-02-27T01:30:31;bandwidth;partnerships;repurpose;withdrawal Orchestrator value-added;35873;optical encompassing;drive;65183
3;indexing South Carolina;5679;Money Market Account Investor Missouri;34864;Chief;COM Automotive;Mexican Peso Mexican Unidad de Inversion (UDI);Books engage;implement plum;solid state Credit Card Account open-source;Practical Soft Sausages Refined Rubber Chair;Executive Awesome copy;Infrastructure;112;static;Intelligent executive;CSS;Jewelery;Incredible;invoice optimizing;applications;deposit e-business;Delaware Wells matrices;Berkshire Metal;orange plum Focused;distributed Checking Account;program Keyboard innovate;Frozen;alliance;Chair;34662;Shirt;Ball;Granite Mexico;2020-02-27T05:32:39;2020-02-27T09:41:36;2020-02-26T11:59:02;Architect Awesome Plastic Chair Coordinator;Cuban Peso Peso Convertible Arizona;Cameroon Liaison;generate partnerships;96352;teal SCSI budgetary management;Visionary transmitting;44885
4;auxiliary relationships Handcrafted;24909;Kids;14734;Granite;cross-platform Lead;architectures artificial intelligence intranet;Infrastructure architectures;Future Developer Maine;withdrawal;Unbranded;Sleek Plastic Computer Administrator;user-centric;29395;Games;Handcrafted Soft Table Wooden;Technician;District Alaska;AGP Personal Loan Account Fish;sensor;Diverse empower TCP;Corporate Adaptive Implementation;Small;Ohio magenta;projection;Strategist Kids;navigate payment Program;magenta payment New Zealand;morph Neck;Palestinian Territory human-resource compressing;62169;Egyptian Pound Causeway;Intelligent;withdrawal Cambridgeshire Ameliorated;2020-02-26T17:28:37;2020-02-26T12:49:15;2020-02-26T15:29:34;withdrawal Facilitator Zimbabwe;Checking Account Eritrea;Ergonomic Saint Barthelemy;Investment Account;40796;intranet panel;Passage;47766
5;core Agent Graphical User Interface;79950;Concrete;5690;Berkshire;Tasty Wooden Sausages eyeballs Tactics;Customer neural-net;synthesize;USB Executive multi-byte;parsing out-of-the-box;Checking Account Chief;fuchsia instruction set magenta;database;26570;French Southern Territories;input web services connect;Fantastic Concrete;Savings Account;viral digital haptic;synthesize architect Plastic;override;Mauritius Rupee Gorgeous;holistic;Burgs Fantastic Fresh Tuna Berkshire;paradigms Profound Gloves;Unions Colorado;Dale;Configuration distributed Home Loan Account;green Lane compress;payment Cotton;15590;Borders leading-edge solid state;compelling Trail;methodologies Soap Arkansas;2020-02-27T03:40:21;2020-02-26T14:13:38;2020-02-27T05:28:31;directional e-business Dynamic;collaborative Checking Account;integrated analyzing global;Cotton Idaho time-frame;81738;bus;indexing International;60349
6;port back up Fully-configurable;77441;silver connect Incredible;10430;Optional SMS Director;functionalities initiatives;infrastructure Virtual;mindshare Dalasi object-oriented;virtual;Senior Jewelery Borders;Fully-configurable Tasty Practical;Total Money Market Account;panel;2161;withdrawal solid state;cross-media generate;Infrastructure;Sleek navigate;Incredible interface Soft;Architect Licensed Concrete Fish;solid state;Groves Rubber;Awesome Cotton Fish Norfolk Island;invoice;copy;North Carolina SSL Tonga;end-to-end open-source indexing;port grey Assistant;Buckinghamshire International;Quality wireless Money Market Account;18524;Bedfordshire Falls Division;local Central Handmade Wooden Hat;Liberian Dollar;2020-02-26T17:52:35;2020-02-27T08:50:58;2020-02-26T10:46:04;Concrete Outdoors;Home bus overriding;multi-byte;Jewelery Utah;22679;auxiliary;modular Handmade Cotton Tuna Health;7785
7;Nebraska global;55768;Customer Direct;88186;Executive;maroon;portals Cambridgeshire;RSS;Hryvnia;Awesome Illinois Home Loan Account;Run;portals;Home Loan Account artificial intelligence input;1794;Plastic;Lock Chips;Buckinghamshire Forward;Paradigm Pound Sterling Dynamic;Avon;CSS indexing Officer;Organized;Mouse withdrawal motivating;purple Credit Card Account Shoes;Buckinghamshire scalable functionalities;calculate Compatible Iowa;granular green Producer;pixel;Bedfordshire Metrics;Wooden;Oregon connecting didactic;30919;quantifying Money Market Account;Generic collaborative;Practical Unbranded cyan;2020-02-27T10:11:16;2020-02-26T14:47:17;2020-02-26T17:57:01;tertiary red Jersey;enterprise;Group Hills;dynamic Home Loan Account Brand;5543;red;Union Concrete;69053
8;withdrawal Fantastic Soft Mouse;92079;local Computers;67373;Cambridgeshire application Grass-roots;multi-byte Rubber Steel;Tennessee Home Loan Account;deposit compress;Gorgeous Sleek Steel Table explicit;ivory Sleek;Intelligent Accounts 24/7;Shoes digital Implementation;payment Intelligent;70239;Chicken;Swaziland;pixel India;sensor;Avon pixel;well-modulated Industrial;adapter Gorgeous Steel Shoes;navigating Auto Loan Account drive;Common Groves Money Market Account;mindshare Movies;Cheese open architecture SDD;Shoes;cultivate;solutions wireless Personal Loan Account;Minnesota generating Northern Mariana Islands;ADP;83986;Ergonomic Rubber Gloves;Books pixel;connecting vertical;2020-02-27T09:57:53;2020-02-26T18:53:12;2020-02-26T16:47:55;e-services Bahraini Dinar markets;France;District Cotton;intuitive;17964;Intranet Berkshire;Chicken transmitting;63025
9;circuit;73595;Refined Granite Hat compress;83243;Rhode Island invoice;capacitor Table USB;Neck parsing networks;Corporate;Rhode Island;next-generation Rustic;Avon;Checking Account transition;invoice Developer;85177;bluetooth;Outdoors hack;eyeballs copy;parsing haptic South Carolina;CSS back up;silver methodologies Turkish Lira;deposit International Gorgeous;initiatives;Money Market Account Rubber Frozen;Intranet input;Licensed Steel Hat card Shirt;firewall;visualize;Manager quantifying;Handmade;auxiliary Producer;26360;Avon Agent;scalable Georgia;North Dakota HTTP Agent;2020-02-26T16:16:20;2020-02-26T13:10:17;2020-02-26T15:53:51;deliverables maximized;Music;bypass;Robust Vision-oriented;80486;index Guyana;dynamic cross-platform;37385
10;multi-state distributed Internal;79021;Steel Wooden connect;9399;Manat quantify Rubber;Operations;Awesome Metal Pants reinvent New Leu;fuchsia;deposit back-end;Specialist;Checking Account;Coordinator withdrawal;Accountability;95433;monitor parsing;Associate model;interactive tangible;service-desk;scalable;Bedfordshire cross-media;dot-com analyzer;monitor;bandwidth-monitored Credit Card Account navigate;PNG;Home Loan Account Plain Investment Account;card;syndicate front-end;Mandatory;Total Maryland Games;Administrator Gorgeous Plastic Bacon Balanced;61202;Awesome Fresh Fish multi-byte Bahamas;matrix indigo encoding;PNG Credit Card Account;2020-02-26T15:18:07;2020-02-26T10:21:43;2020-02-27T09:19:28;Mouse;grid-enabled;deliverables silver plum;Persevering Checking Account Oklahoma;10862;infrastructures;extensible Ramp mobile;72992
