id;employee_name;role_name;office_code;office_name;person_id;organization_name;state_code;state_name;district_code;district_name;mandal_code;mandal_name;village_code;village_name;circle_name;division_name;sub_division_name;section_name;active_status_flag;created_by;updated_by;record_insert_time;create_time;update_time;volunteer_secretariat_role
1;black;navigating;override Engineer;Tools;panel revolutionary;dynamic Tala e-enable;Factors;Functionality Accounts Barbados Dollar;Buckinghamshire User-centric index;Manager input Face to face;payment index Auto Loan Account;Response Florida Lebanese Pound;1080p seize Mayotte;Sports;3rd generation;evolve Cambridgeshire orchestrate;calculate Coordinator TCP;SDD Wisconsin Savings Account;40529;Latvia;frictionless;2020-02-27T08:30:47;2020-02-26T17:37:59;2020-02-27T10:17:19;action-items Frozen
2;Practical;South Georgia and the South Sandwich Islands Uganda Shilling transition;Technician Incredible Steel Computer;discrete;Taka copying;web-readiness;Licensed connect Investor;THX Kenyan Shilling;Credit Card Account vertical;turquoise Fantastic Rubber Shoes;Fish Avon;Hawaii Indian Rupee;grid-enabled;Credit Card Account;blue Licensed Wooden Shirt;radical Brand overriding;Small Cotton Soap;Bedfordshire;79682;Kip Savings Account Oklahoma;Creek Rubber transform;2020-02-27T03:54:34;2020-02-27T08:01:08;2020-02-27T05:38:35;Afghanistan Games
3;generate Managed Integration;Gorgeous Seamless Unbranded;invoice application intranet;SSL scale sensor;Synchronised Steel Regional;Berkshire Ergonomic Soft Mouse Palestinian Territory;Borders Concrete Savings Account;responsive connecting;technologies Practical;Metrics;array;index Grass-roots indigo;visualize;CSS web services Belize Dollar;Specialist multi-byte e-business;Small Group District;Incredible Frozen Tuna Bedfordshire;Business-focused;68143;ROI;North Korean Won;2020-02-27T01:19:41;2020-02-27T04:14:46;2020-02-27T01:53:58;port
4;Creek;Chips world-class;Plastic Iraqi Dinar;Credit Card Account Hat orchid;maximize Squares Money Market Account;deposit Intelligent;Concrete;Games XML Heard Island and McDonald Islands;withdrawal;Soft interfaces;Sweden hack Djibouti Franc;Grocery mesh bypass;Gloves;drive program;HTTP Electronics Tasty;Communications program morph;client-driven;Rand Loti;19131;Ouguiya haptic Home Loan Account;relationships;2020-02-26T11:40:38;2020-02-27T04:50:22;2020-02-27T08:24:42;Green Investment Account
5;e-enable navigate;mint green Practical Frozen Soap Health;Manat;Money Market Account;AGP;circuit;Rustic digital;Interactions needs-based optical;green;Division;orange;firewall Investment Account Practical Plastic Car;migration;programming Awesome Metal Chair;pink Gardens zero tolerance;Dong;Tasty Plastic Table Intelligent Frozen Bike utilize;Cyprus;20956;monitor Communications;invoice transform Awesome;2020-02-26T23:37:45;2020-02-27T10:06:05;2020-02-27T09:57:35;back-end
6;Intelligent;hard drive;Metal cross-platform;Chair Oklahoma;Borders Avon bypassing;Consultant Crescent distributed;Handmade bypassing;Interactions compress Monitored;Montana;Oregon;Associate Buckinghamshire primary;Strategist;Handmade;disintermediate;Diverse;deliver Enterprise-wide;AGP Associate auxiliary;Vietnam Licensed Granite Bike PCI;38657;Namibia pixel;Table projection;2020-02-26T18:41:08;2020-02-26T22:50:00;2020-02-26T18:31:49;payment robust ADP
7;hack Passage;Isle capacity;distributed microchip compelling;Accounts Buckinghamshire Implementation;Associate Shoes Forges;Alley Handmade;Coordinator;compelling Senior Toys;Analyst Baby Tanzanian Shilling;HDD Rand Namibia Dollar Graphic Interface;interface interface;integrate redundant;navigate Heard Island and McDonald Islands;deposit Baby;Customer;productize Granite;Checking Account;Generic Dynamic;38678;Books Ouguiya;Engineer Practical;2020-02-27T03:49:55;2020-02-27T00:36:02;2020-02-27T03:41:44;models
8;mobile;Lilangeni;connect generate;quantifying;vertical Designer Graphical User Interface;withdrawal Cambridgeshire eco-centric;District;bricks-and-clicks;Qatar Games Concrete;asynchronous Greece Investment Account;Credit Card Account Strategist;technologies Concrete withdrawal;target Belarus Wooden;infrastructure Forward;Dynamic;extranet Metal Books;global invoice teal;Shoes Technician intranet;40598;quantify;function Zimbabwe;2020-02-26T22:04:47;2020-02-26T22:02:58;2020-02-26T21:51:43;Sleek Refined
9;holistic Ergonomic Wooden Pizza;software;Toys morph Handmade Fresh Cheese;Senior payment;El Salvador Colon US Dollar SMS;Electronics withdrawal Fantastic;transmit azure Director;parsing;wireless Licensed Metal Gloves Avon;engineer Ergonomic;HTTP;invoice copying initiative;stable contextually-based;back up;New Jersey protocol;Regional;District;Program;94196;hack payment;Automated;2020-02-26T14:27:18;2020-02-27T10:38:47;2020-02-26T17:53:51;Checking Account grey
10;Salad;synthesize Bedfordshire Soap;Chips;payment Avon;panel Indiana;Producer South Georgia and the South Sandwich Islands;Sports input;transmitting;withdrawal Utah Gloves;platforms Bedfordshire;strategic target;PCI;cross-platform;Forward Division Auto Loan Account;Electronics ROI;24/7;Games technologies wireless;Frozen;77837;bypass;navigate Legacy;2020-02-26T13:11:19;2020-02-27T06:51:58;2020-02-26T21:44:40;override
